address,duplicate_address,code geographique,territory,cubf,serial_number,lin_dim,area,max_num_floor,construction year,year_real_esti,floor_area,code_phys_conn,type_const,num_dwell,num_rental,num_non_res,value_prop,code_arrondissement,nom_arrondissement
881 rue PIERRE DE LESTAGE,9999,52035,Berthierville,6813,2804 38 7058,9999,198322.4,3,1968,R,18066,1,9999,9999,9999,1,19762600,9999,9999
770 rue SAINT-VIATEUR,9999,52035,Berthierville,6812,2904 48 8728,149.44,26845.6,9999,9999,9999,9999,9999,9999,9999,9999,1,4346400,9999,9999
1303 rue Principale,9999,85015,Saint-Édouard-de-Fabre,6812,1428 74 3265,30.54,5888.7,1,1958,R,1,1,1,9999,9999,1,474400,9999,9999
451 rue DESRANLEAU,9999,42055,Valcourt,6813,9740 13 9915,106.48,5664.7,1,1954,R,303,1,9999,9999,9999,1,434700,9999,9999
900 rue MONTCALM,9999,42055,Valcourt,6813,9740 22 1438,80.05,8786.2,2,1948,R,3576.9,9999,9999,9999,9999,1,3817800,9999,9999
1100 rue CHAMPETRE,9999,42055,Valcourt,6812,9839 29 6473,159.38,25598.3,2,1982,R,4477.2,1,9999,9999,9999,1,3699900,9999,9999
302 rue SAINT-CYRILLE,9999,27060,Tring-Jonction,6812,6625 54 6447,43.63,9830.3,2,1963,R,1644,1,1,9999,9999,1,1065800,9999,9999
687 rue GAUDREAULT,9999,93080,Saint-Ludger-de-Milot,6812,0718 93 5944,45.5,3467.1,2,1948,R,663.7,1,9999,9999,9999,1,943800,9999,9999
rue GENDRON,9999,7030,Saint-Léon-le-Grand,6812,0460 63 1331,204.55,10265.4,2,1946,R,1359.7,1,9999,9999,9999,4,1309400,9999,9999
95 rue NOTRE-DAME N,9999,67050,Châteauguay,6812,8426 40 1145,75.51,8432.5,2,1958,R,3657.1,1,9999,9999,9999,1,4761100,9999,9999
270 boulevard D'YOUVILLE,9999,67050,Châteauguay,6813,8426 90 7360,130.7,21473.4,2,1994,R,9999,9999,9999,9999,9999,1,10856200,9999,9999
66 68 rue PRINCIPALE,9999,67050,Châteauguay,6813,8524 15 8204,152.01,10237.7,1,1952,R,9999,9999,9999,9999,9999,1,4151200,9999,9999
71 rue ALPHONSE-DESJARDINS,9999,67050,Châteauguay,6812,8524 23 0808,68.98,14741.8,3,1959,R,9999,9999,9999,9999,9999,1,3336100,9999,9999
85 rue JEFFRIES,9999,67050,Châteauguay,6812,8525 85 5279,115.25,20480.8,1,1967,R,3445,1,9999,9999,9999,1,5315500,9999,9999
180 184 boulevard SALABERRY N,9999,67050,Châteauguay,6812,8526 24 7254,131.48,15076.8,2,1959,R,9999,9999,9999,9999,9999,1,6328700,9999,9999
25 rue d' ABBOTSFORD,9999,67050,Châteauguay,6812,8526 35 7019,89.99,5287.2,2,1923,R,1975.5,1,9999,9999,9999,1,2324300,9999,9999
161 rue de CHAMPLAIN,9999,67050,Châteauguay,6812,8623 30 5121,213.36,29248.2,1,1968,R,6011,1,9999,9999,9999,1,16459800,9999,9999
121 rue PRINCE,9999,67050,Châteauguay,6812,8623 59 9794,144.56,12247.6,2,2014,R,4183.6,1,9999,9999,9999,1,12207700,9999,9999
42 rue SAINT-HUBERT,9999,67050,Châteauguay,6812,8623 68 1575,137.54,27198.1,1,1962,R,2260.8,1,9999,9999,9999,1,4702500,9999,9999
85 rue PRINCE,9999,67050,Châteauguay,6812,8623 79 1588,132.48,14937.2,2,1969,R,3317.4,1,9999,9999,9999,1,3649100,9999,9999
275 rue de BONAVENTURE,9999,67050,Châteauguay,6813,8625 98 9759,213.36,15955.9,1,1967,R,3682.9,1,9999,9999,9999,1,6700400,9999,9999
300 rue MCLEOD,9999,67050,Châteauguay,6812,8724 28 4400,180.56,28735.2,2,1954,R,3850.7,1,9999,9999,9999,1,6602500,9999,9999
315 rue RIDEAU,9999,67050,Châteauguay,6812,8725 38 1119,191.92,28666.1,1,1966,R,3188.9,1,9999,9999,9999,1,5812200,9999,9999
280 avenue BRAHMS,9999,67050,Châteauguay,6812,8823 21 7102,167.1,25793,1,1997,R,2443.9,1,9999,9999,9999,1,8065300,9999,9999
14 rue RAINVILLE,9999,67050,Châteauguay,6812,8824 00 3458,140.82,6009,2,1959,R,2194.5,1,9999,9999,9999,1,2624100,9999,9999
114 1RE AVENUE,,22035,Stoneham-et-Tewkesbury,6812,3807 90 7718,199.32,30521.8,2,9999,9999,9999,9999,9999,9999,9999,9999,10493400,9999,9999
156 rue Monseigneur-Ross,9999,8015,Grosses-Roches,6812,2822 82 9377,62.18,5175.7,2,1958,R,9999,9999,9999,9999,9999,1,479800,9999,9999
200 rue BEDARD,9999,28045,Sainte-Justine,6812,1641 33 3503 07 31,45.71,6756.9,3,1959,E,1479.6,1,9999,9999,9999,9999,884300,9999,9999
26 rue PLOURDE,9999,93012,Métabetchouan—Lac-à-la-Croix,6812,0366 53 2326,59.98,21993.1,1,1969,R,2555.1,1,9999,9999,9999,1,3935700,9999,9999
1569 route 169,9999,93012,Métabetchouan—Lac-à-la-Croix,6813,0567 55 4402,844.56,271207.3,2,9999,9999,9999,9999,9999,9999,9999,1,8692300,9999,9999
350 rue ST-JEAN,9999,93012,Métabetchouan—Lac-à-la-Croix,6812,0964 73 5765,90.83,16817.4,2,9999,9999,9999,9999,9999,9999,9999,1,1921600,9999,9999
207 rue PRINCIPALE,9999,12005,Saint-Cyprien,6812,1507 70 3958,15.24,9847.2,2,9999,9999,316,9999,9999,9999,9999,1,1410500,9999,9999
535 route 132,9999,3010,Cloridorme,6812,8049 01 6501,88.17,7135.9,2,9999,9999,9999,9999,9999,9999,9999,1,1429000,9999,9999
670 9E AVENUE,9999,27028,Beauceville,6813,8418 32 6357 1001,20.12,61576.5,4,1924,R,536.3,1,9999,1,9999,1,3298500,9999,9999
99 125E RUE,,27028,Beauceville,6812,8318 99 1447,195.9,61222.4,3,1962,R,536.3,1,9999,9999,9999,2,6683900,9999,9999
670 9E AVENUE,9999,27028,Beauceville,6813,8418 32 6357 1002,20.12,61576.5,9999,9999,9999,9999,9999,9999,9999,9999,9999,745600,9999,9999
427 429 11E RUE OUEST,9999,29030,La Guadeloupe,6812,7091 65 2000,414.35,17180,2,1955,R,9999,1,9999,9999,9999,1,1827300,9999,9999
376 chemin KNOWLTON,9999,46075,Lac-Brome,6812,8109 91 2581,54.72,13421.8,2,9999,9999,9999,9999,9999,9999,9999,1,1315900,9999,9999
81 rue VICTORIA,9999,46075,Lac-Brome,6812,8209 04 5105,73.42,30819.9,2,1945,R,3879.3,1,9999,9999,9999,1,4200800,9999,9999
136 rue de la GROTTE,9999,10043,Rimouski,6812,1559 37 5968,22.16,13797,2,9999,9999,9999,9999,9999,9999,9999,1,3303400,9999,9999
845 rue SAINT-ARSÈNE,9999,10043,Rimouski,6812,2465 28 4165,109.59,15897.9,2,1965,R,2937.7,1,9999,9999,9999,1,3125200,9999,9999
149 rue du ROCHER-BLANC,9999,10043,Rimouski,6812,2466 00 2438,51.2,4121,2,1958,R,664.8,1,9999,9999,9999,1,618900,9999,9999
514 rue TESSIER,9999,10043,Rimouski,6812,2766 53 0075,32.66,7118.6,2,9999,9999,9999,9999,9999,9999,9999,1,1812700,9999,9999
261 rue PARENT NORD,9999,10043,Rimouski,6812,2766 54 5546,67.42,4396,2,9999,9999,9999,9999,9999,9999,9999,1,1767300,9999,9999
399 rue LA SALLE,9999,10043,Rimouski,6812,2767 26 7790,89.59,7714.3,2,1947,R,2659.3,1,9999,9999,9999,1,3284400,9999,9999
247 rue SAINT-LAURENT OUEST,9999,10043,Rimouski,6812,2867 53 8755,86.53,9046.9,2,1951,R,3552.5,1,9999,9999,9999,1,4736000,9999,9999
99 111 rue SAINT-JEAN-BAPTISTE OUEST,9999,10043,Rimouski,6813,2867 89 7125,86.11,9417.1,3,1957,R,5693.8,1,9999,9999,9999,1,4396500,9999,9999
245 rue 2E OUEST,9999,10043,Rimouski,6813,2867 91 3655,95.92,15788.3,2,9999,9999,9999,9999,9999,9999,9999,1,4662500,9999,9999
250 boulevard ARTHUR-BUIES OUEST,9999,10043,Rimouski,6813,2966 37 3488,309.85,63585.5,3,9999,9999,9999,9999,9999,9999,9999,3,35703700,9999,9999
10 rue 8E OUEST,9999,10043,Rimouski,6812,2967 75 2567,127.79,15830.7,2,9999,9999,9999,9999,9999,9999,9999,1,5221100,9999,9999
128 130 rue CÔTÉ,9999,10043,Rimouski,6812,2969 74 0498,117.35,15843.7,2,9999,9999,9999,9999,9999,9999,9999,1,3950700,9999,9999
521 rue SAINT-GERMAIN,9999,10043,Rimouski,6813,2971 90 3688,37.43,9134.1,2,1952,R,1015.2,1,9999,9999,9999,1,1523300,9999,9999
8 avenue BEAULIEU,9999,10043,Rimouski,6813,3071 01 5263,15.25,4934,1,1960,R,524.3,1,9999,9999,9999,1,918600,9999,9999
658 route des PIONNIERS,9999,10043,Rimouski,6812,3358 64 2486,72.56,9106.6,2,1989,R,3031.2,1,9999,9999,9999,1,2727100,9999,9999
355 avenue de la JEUNESSE,9999,10043,Rimouski,6812,3374 87 4972,130.93,29754.7,1,9999,9999,9999,9999,9999,9999,9999,1,3911000,9999,9999
800 rue DE SÈVE,9999,73010,Sainte-Thérèse,6812,7657 30 7494,142.36,17441.7,2,1974,R,9999,9999,9999,9999,9999,1,5177700,9999,9999
70 rue SAINT-STANISLAS,9999,73010,Sainte-Thérèse,6812,7755 49 5444,99.22,8494.8,2,1963,R,2140.7,1,9999,9999,9999,9999,2540500,9999,9999
60 rue SAINT-STANISLAS,9999,73010,Sainte-Thérèse,6812,7755 59 1873,57.04,9193,2,9999,9999,9999,9999,9999,9999,9999,1,2495100,9999,9999
46 rue BLAINVILLE OUEST,9999,73010,Sainte-Thérèse,6812,7755 96 3108,43.2,2221,2,1960,R,1233.4,1,9999,9999,9999,1,1774700,9999,9999
50 rue LEROUX,,73010,Sainte-Thérèse,6812,7854 67 2474,195.5,17542.7,2,1961,R,9999,9999,9999,9999,9999,2,4930300,9999,9999
8 rue BLAINVILLE EST,9999,73010,Sainte-Thérèse,6813,7855 25 8092,58.53,3495.5,3,1925,R,2964.3,1,9999,9999,9999,9999,2611500,9999,9999
6 8 rue TASSÉ,9999,73010,Sainte-Thérèse,6813,7855 37 8310,239.88,34920.5,2,9999,9999,9999,9999,9999,9999,9999,1,11022100,9999,9999
25 rue VÉZINA,9999,73010,Sainte-Thérèse,6812,7855 76 9646,107.54,8234.9,2,9999,9999,9999,9999,9999,9999,9999,1,3372500,9999,9999
201 rue SAINT-PIERRE,9999,73010,Sainte-Thérèse,6812,7955 48 2305,148.64,10193.2,2,1959,R,4091.7,1,9999,9999,9999,1,3705700,9999,9999
425 rue BLAINVILLE EST,9999,73010,Sainte-Thérèse,6813,8055 16 4538,177.65,51390.5,3,1959,R,9999,9999,9999,9999,9999,1,24116400,9999,9999
boulevard RENÉ-A.-ROBERT,9999,73010,Sainte-Thérèse,6813,8055 26 4588,30.48,1026.1,9999,9999,9999,9999,9999,9999,9999,9999,9999,186600,9999,9999
890 rue SAINT-PIERRE,9999,53040,Saint-Roch-de-Richelieu,6812,3183 45 0296,52.36,6136,2,9999,9999,9999,9999,9999,9999,9999,1,4442900,9999,9999
225 rue Saint-Jean-Baptiste,9999,50072,Nicolet,6813,7221 64 4491,79.59,53952.1,5,9999,9999,9999,9999,9999,1,9999,1,18755700,9999,9999
217 219 rue Principale,9999,26015,Vallée-Jonction,6812,7137 97 5530,129.31,9978.3,2,1956,R,1567.2,1,9999,9999,9999,1,1355400,9999,9999
222 rue PRINCIPALE,9999,70022,Beauharnois,6812,7119 07 1320,124.37,15139.5,2,9999,9999,3151.6,1,9999,9999,9999,9999,2720200,9999,9999
23 rue SAINT-ANDRÉ,9999,70022,Beauharnois,6813,7518 11 1380,141.9,9384.3,1,1962,R,1925.6,1,9999,9999,9999,1,2195300,9999,9999
205 rue EDMOUR-DAOUST,9999,70022,Beauharnois,6812,7518 96 6413,160.32,24995.5,9999,9999,9999,3241.3,1,9999,9999,9999,1,4124200,9999,9999
25 rue SAINT-JOSEPH,9999,70022,Beauharnois,6812,7519 21 4560,113.29,9711.3,2,1953,R,2850.3,1,9999,9999,9999,1,3946900,9999,9999
480 rue de l' ÉGLISE,9999,70022,Beauharnois,6812,7719 99 9773,98.76,10338.7,1,1952,R,980,1,9999,9999,9999,1,1933700,9999,9999
25 rue COULONGE,9999,84060,Fort-Coulonge,6812,8678 13 1036,16.15,36029.7,2,1957,R,9999,9999,9999,9999,9999,1,2562500,9999,9999
33 rue ROMAIN,9999,84060,Fort-Coulonge,6812,8678 21 1993,49.38,2498.3,2,1923,R,825,1,9999,9999,9999,1,342100,9999,9999
687 rue DUMAS,9999,30080,Lac-Drolet,6812,7764 52 3125,26.43,3708.2,2,1959,R,1533.8,1,9999,9999,9999,1,993400,9999,9999
5 rue MARION-ATWELL,9999,45030,Potton,6812,9190 97 6340,18.75,12650,2,9999,9999,9999,9999,9999,2,9999,1,1328700,9999,9999
330 332 rue PRINCIPALE,9999,45030,Potton,6812,9291 00 5275,113.36,9111.6,2,1960,R,1611.7,1,9999,9999,9999,1,783900,9999,9999
1250 rue BEAUPRÉ,9999,13095,Pohénégamook,6812,0158 08 1576,88.69,8571.8,1,1965,R,1576.7,1,9999,9999,9999,1,1210400,9999,9999
460 rue SAINT-DAVID,9999,13095,Pohénégamook,6812,0658 54 4002,100.34,10794.9,2,1966,R,1150,1,9999,9999,9999,1,777300,9999,9999
479 rue SAINT-VALLIER,9999,13095,Pohénégamook,6812,9661 66 6572,68.7,5865.2,2,1954,R,1385,1,9999,9999,9999,1,1355700,9999,9999
161 rue Sainte-Geneviève,9999,26063,Saint-Isidore,6812,5960 45 9779,9999,3056.4,1,1999,R,497.1,1,9999,9999,9999,1,881900,9999,9999
169 rue Sainte-Geneviève,9999,26063,Saint-Isidore,6812,5960 57 6212,47.34,2156,2,9999,9999,9999,9999,9999,9999,9999,1,1108200,9999,9999
548 rang des ERABLES,9999,50005,Sainte-Eulalie,6812,0108 67 0973,62.96,9888.9,2,9999,9999,1273.4,1,9999,9999,9999,1,1209900,9999,9999
961 avenue des COMMISSAIRES,9999,61040,Saint-Ambroise-de-Kildare,6812,0003 79 1586,219.3,23659.3,2,1958,R,3014.8,1,9999,9999,9999,1,3132000,9999,9999
791 place de la SOLIDARITÉ,9999,37210,Batiscan,6812,0051 66 5479,197.26,12631.5,9999,1955,R,9999,9999,9999,9999,9999,1,630400,9999,9999
225 rue JOSEPH-MARTEL,9999,58033,Boucherville,6812,0849 48 1235,93.58,12110.4,2,1961,R,2783.3,1,9999,9999,9999,1,3051000,9999,9999
401 rue DE JUMONVILLE,9999,58033,Boucherville,6812,0850 95 9158,183.02,14994.6,1,1966,R,2842,1,9999,9999,9999,1,5157900,9999,9999
544 rue SAINT-SACREMENT,9999,58033,Boucherville,6812,0852 44 5743,54.43,6535.4,3,1892,R,3524.1,1,9999,9999,9999,1,5096000,9999,9999
666 rue LE LABOUREUR,9999,58033,Boucherville,6812,0852 58 5062,102.57,25576.6,2,1964,R,3208,1,9999,9999,9999,1,5520800,9999,9999
650 rue ANTOINE-GIROUARD,9999,58033,Boucherville,6812,0852 94 7539,94.57,20010.9,2,1963,R,9999,9999,9999,9999,9999,1,4417100,9999,9999
795 rue BENJAMIN-LOISEAU,9999,58033,Boucherville,6812,0853 66 5830,106.84,10054.8,2,1959,R,2598.4,1,9999,9999,9999,1,2707400,9999,9999
955 boulevard DE MONTARVILLE,9999,58033,Boucherville,6813,0950 74 4460,9999,112637.5,3,1968,R,9999,9999,9999,9999,9999,1,37303200,9999,9999
800 rue du PÈRE-LE JEUNE,9999,58033,Boucherville,6812,0953 04 8005,115.98,23582.3,2,1959,R,9999,9999,9999,9999,9999,1,4501600,9999,9999
900 boulevard du FORT-SAINT-LOUIS,9999,58033,Boucherville,6812,0954 21 5641,165.8,16328.8,1,1966,R,2842,1,9999,9999,9999,1,4964800,9999,9999
570 boulevard de MORTAGNE,9999,58033,Boucherville,6812,1050 04 7918,86.39,6254.1,3,1996,R,9999,9999,9999,9999,9999,1,6260500,9999,9999
850 rue ÉTIENNE-BRÛLÉ,9999,58033,Boucherville,6812,1051 13 5634,85.76,12846.4,2,1983,R,4779.1,1,9999,9999,9999,1,6000600,9999,9999
481 chemin PRINCIPAL,9999,96030,Pointe-aux-Outardes,6812,3838 82 2577,121.92,16173.9,2,1991,R,9999,9999,9999,9999,9999,1,2074300,9999,9999
95 avenue du PARC,9999,7047,Amqui,6813,0969 31 2016,249.32,121072.7,2,9999,9999,9999,9999,9999,9999,9999,1,17058900,9999,9999
50 rue ROY,9999,7047,Amqui,6812,0969 34 0388,21.11,15538.9,2,9999,9999,9999,9999,9999,9999,9999,1,2579600,9999,9999
123 rue DESBIENS,9999,7047,Amqui,6812,0970 80 1201,153.97,32352.3,5,9999,9999,9999,9999,9999,1,9999,10,9077900,9999,9999
1228 1230 chemin de l' Église,9999,71020,Saint-Polycarpe,6812,4118 92 9807,64.01,8503.4,2,9999,9999,9999,9999,9999,9999,9999,2,1283400,9999,9999
1840 chemin PRINCIPAL,9999,51070,Saint-Mathieu-du-Parc,6812,4959 05 6759,6309,9859.2,9999,1960,R,9999,9999,9999,9999,9999,1,2176300,9999,9999
305 rue du CHANOINE-CÔTÉ,9999,11040,Trois-Pistoles,6812,0232 81 2590,111.36,7299.7,2,1962,R,1103.7,1,9999,9999,9999,1,803300,9999,9999
455 rue JENKIN,9999,11040,Trois-Pistoles,6813,0331 49 9358,628.31,102016.3,3,1969,R,9999,9999,9999,9999,9999,1,18111100,9999,9999
9 15 rue NOTRE-DAME E,9999,11040,Trois-Pistoles,6812,0332 47 1231,44.56,4079.2,3,1912,R,9999,9999,9999,9999,9999,7,1763600,9999,9999
286 rue LANGLAIS,9999,11040,Trois-Pistoles,6812,0332 56 8629,80.7,5048.8,2,1956,R,1398.3,1,9999,9999,9999,1,1709800,9999,9999
84 rue RAYMOND,9999,11040,Trois-Pistoles,6812,0332 94 9447,89.14,10242.2,2,1967,R,1103.7,1,9999,9999,9999,1,947400,9999,9999
183 rue JEANNE-D'ARC,9999,80037,Papineauville,6812,2054 22 6569,44.11,5513.8,1,1960,R,525.4,1,9999,9999,9999,1,785200,9999,9999
3 9 rue du PORTAGE,,99015,Matagami,6812,2313 77 8618,155.77,28070.1,2,1962,R,2795.3,1,9999,9999,9999,3,5308800,9999,9999
150 rue du CINQUANTENAIRE,9999,54025,Sainte-Madeleine,6812,3650 52 5998,73.15,8247,2,1961,R,2758.8,1,9999,9999,9999,9999,3809200,9999,9999
950 rue HEBERT,9999,54025,Sainte-Madeleine,6811,3650 63 4501,39.62,4265.6,1,1952,R,289.4,1,9999,9999,9999,1,631800,9999,9999
2750 2E AVENUE OUEST,9999,93065,L'Ascension-de-Notre-Seigneur,6812,1895 34 8974,57.43,7706.8,2,1960,R,1742.2,1,9999,9999,9999,1,3228300,9999,9999
441 rue de l' ECOLE,9999,32023,Sainte-Sophie-d'Halifax,6812,1113 41 0375,118.87,12395.7,2,1960,R,1617.6,1,9999,9999,9999,1,955500,9999,9999
27 rue Lévis,9999,12072,Rivière-du-Loup,6811,7600 85 6153 0003,35.05,318.3,1,1900,R,208,5,5,9999,9999,1,258900,9999,9999
56 rue Saint-Henri,9999,12072,Rivière-du-Loup,6813,7698 95 7583 001 0001,191.06,14245.6,3,1925,R,33.5,1,1,9999,9999,1,6679500,9999,9999
72 rue Joly,9999,12072,Rivière-du-Loup,6812,7699 67 4033,156.67,31364.9,1,1969,R,2680,1,9999,9999,9999,1,2945800,9999,9999
55 rue du Rocher,9999,12072,Rivière-du-Loup,6812,7700 03 2524,92.17,8482.3,2,1958,R,9999,9999,9999,9999,9999,1,3250500,9999,9999
8 à rue Pouliot,9999,12072,Rivière-du-Loup,6812,7798 16 1997,99.56,10359.8,5,1992,R,9999,9999,9999,9999,9999,1,4310800,9999,9999
30 rue Delage,9999,12072,Rivière-du-Loup,6813,7798 28 4506,60.96,6333.7,3,9999,9999,9999,9999,9999,9999,9999,1,2803400,9999,9999
15 rue Vézina,9999,12072,Rivière-du-Loup,6812,7799 91 7515,107.18,5088.9,2,9999,9999,9999,9999,9999,9999,9999,1,3705300,9999,9999
10 rue Vézina,9999,12072,Rivière-du-Loup,6812,7799 92 3123,65.69,11596.2,3,9999,9999,9999,9999,9999,9999,9999,1,3971300,9999,9999
99 avenue NAPOLEON,9999,64015,Mascouche,6812,9166 12 9425,114.39,21068,2,9999,9999,9999,9999,9999,9999,9999,1,10566700,9999,9999
1728 rue THACKER,9999,64015,Mascouche,6812,9265 95 3576,80.27,14681.8,1,1950,R,1015.4,1,9999,9999,9999,1,2516400,9999,9999
383 chemin des ANGLAIS,9999,64015,Mascouche,6812,9265 98 9795,44.32,4536.2,1,9999,9999,9999,9999,9999,9999,9999,1,470700,9999,9999
855 rue des ERABLES,9999,64015,Mascouche,6812,9267 95 9949,135.01,18943.1,1,9999,9999,9999,9999,9999,9999,9999,1,8829500,9999,9999
412 chemin des ANGLAIS,9999,64015,Mascouche,6812,9365 19 6421,89.85,13541,2,9999,9999,9999,9999,9999,9999,9999,1,3964300,9999,9999
2460 rue de VERSAILLES,9999,64015,Mascouche,6812,9465 56 7689,152.82,14453.9,2,2013,R,6118.3,1,9999,9999,9999,1,13997500,9999,9999
1275 avenue de CHATEAUBRIANT,9999,64015,Mascouche,6812,9568 65 5235,186.6,19894.9,1,9999,9999,9999,9999,9999,9999,9999,1,12031400,9999,9999
3000 avenue BOURQUE,9999,64015,Mascouche,6812,9666 30 2369,172.51,23970.8,1,9999,9999,9999,9999,9999,9999,9999,1,12897500,9999,9999
2995 avenue des ANCETRES,9999,64015,Mascouche,6813,9667 73 1721,154.9,43904.2,3,9999,9999,9999,9999,9999,9999,9999,2,17157500,9999,9999
1177 avenue SAINT-JEAN,9999,64015,Mascouche,6812,9667 78 0812,27.43,18875.8,2,9999,9999,9999,9999,9999,9999,9999,1,8594000,9999,9999
3400 rue de CHAMPLAIN,9999,64015,Mascouche,6812,9867 25 5091,97.54,17151.5,2,1990,R,4063.1,1,9999,9999,9999,1,8365900,9999,9999
106 rue DORSET,9999,66112,Baie-D'Urfé,6812,7130 84 9854 3 08,241.64,33346.5,1,1958,R,2802.5,9999,9999,9999,9999,1,9368900,9999,9999
216 218 rue VICTORIA,9999,66112,Baie-D'Urfé,6812,7230 88 1915 9 08,201.72,26624.5,1,1964,R,6164.1,1,9999,9999,9999,1,13020000,9999,9999
20 rue MAUGHAN,9999,66112,Baie-D'Urfé,6812,7230 84 1584 2 08,157.52,13592.8,2,1959,R,2707.2,1,9999,9999,9999,1,4641700,9999,9999
32 5 IEME AVENUE,9999,99020,Chapais,6812,0716 55 3082,148.1,17403.4,2,1975,R,2659.3,1,9999,9999,9999,1,2868000,9999,9999
1003 rue de l' Église,9999,33123,Leclercville,6812,8960 71 7829,28.06,1557.1,3,1935,R,606.9,1,9999,9999,9999,1,381100,9999,9999
111 7E AVENUE,9999,39152,Daveluyville,6813,0919 70 9257,77.54,3875.5,2,1990,R,3183.5,1,9999,9999,9999,1,2204300,9999,9999
414 rue PRINCIPALE,9999,39152,Daveluyville,6812,0919 90 1984,105.59,7592.1,2,1961,R,3590.7,1,9999,9999,9999,1,2377000,9999,9999
167 rue des Marbres,9999,21045,Boischatel,6812,5595 45 3212,86.08,13000,2,2014,R,2862.7,1,5,9999,9999,9999,5699300,9999,9999
25 côte de l' Église,9999,21045,Boischatel,6812,5695 43 2374,93.57,8718.7,1,1966,R,413.5,1,1,9999,9999,9999,2362400,9999,9999
51 rue Tardif,9999,21045,Boischatel,6812,5695 64 4766,69.46,7107.2,1,1960,R,973.5,1,5,9999,9999,9999,1224200,9999,9999
300 rue SAINTE-ANNE,9999,66127,Senneville,6813,6930 44 4679 7 08,286.47,50398,3,9999,9999,9999,9999,9999,9999,9999,1,7785800,9999,9999
40 route 386,9999,89040,Senneterre,6813,4961 17 5740,252.39,86791.5,2,1975,R,6461.4,1,9999,9999,9999,1,6062300,9999,9999
361 04E RUE OUEST,9999,89040,Senneterre,6812,4961 73 4339,85.26,12993.6,9999,9999,9999,9999,9999,9999,9999,9999,2,4140500,9999,9999
150 avenue CENTRALE NORD,9999,30110,Stratford,6812,4371 95 0827,179.81,6513.2,2,1958,R,1275.7,1,9999,9999,9999,1,1127200,9999,9999
693 2e-et-3e rang de Colombourg,9999,87058,Macamic,6812,3001 92 5582,61.2,4663.7,1,1944,R,320.8,1,5,9999,9999,1,522000,9999,9999
65 2e Rue O,9999,87058,Macamic,6813,4001 89 9047,213.4,40479.5,2,1974,R,6302,1,5,9999,9999,1,3402400,9999,9999
16 8e Avenue O,9999,87058,Macamic,6812,4102 22 4844,91.44,8361.3,2,1946,R,1571.8,1,5,9999,9999,1,786000,9999,9999
6835 route LOUIS-S.-ST-LAURENT,9999,44071,Compton,6812,0012 60 4364,18.53,8146,2,1959,R,2146,1,9999,9999,9999,1,2090900,9999,9999
1555 avenue STRAVINSKI,9999,58007,Brossard,6812,0533 47 1070,9999,1494,9999,9999,9999,9999,9999,9999,9999,9999,9999,218700,9999,9999
1555 avenue STRAVINSKI,9999,58007,Brossard,6812,0533 47 1150,81.98,4576.2,2,1992,R,9999,9999,9999,9999,9999,1,8022800,9999,9999
800 810 avenue VICTOR-HUGO,,58007,Brossard,6812,0536 59 9064,158.26,13022.15,2,1966,R,3562,2,9999,9999,9999,1,3434400,9999,9999
8350 boulevard PELLETIER,9999,58007,Brossard,6813,0634 52 8081,230.87,45860.6,2,1979,R,12766.1,1,9999,9999,9999,1,19794000,9999,9999
8535 avenue SAGUENAY,9999,58007,Brossard,6812,0634 78 2116,151.09,16714.6,1,1980,R,4341.9,1,9999,9999,9999,1,6210900,9999,9999
7600 rue TUNISIE,9999,58007,Brossard,6812,0635 84 4360,188.05,13669.2,2,1972,R,9999,9999,9999,9999,9999,1,6256800,9999,9999
3010 boulevard NAPOLÉON,9999,58007,Brossard,6812,0733 88 6737,105.37,14298.1,2,1979,R,9999,9999,9999,9999,9999,1,8362300,9999,9999
6175 avenue AUMONT,9999,58007,Brossard,6812,0737 74 9684,145.45,7624.3,2,1961,R,5567.4,1,9999,9999,9999,1,4805500,9999,9999
8500 rue de LONDRES,9999,58007,Brossard,6812,0831 69 7895,112.38,17042.1,1,2015,R,5410.4,9999,9999,9999,9999,1,15205800,9999,9999
3055 3085 boulevard ROME,,58007,Brossard,6813,0834 04 1971,231.03,69116.4,3,1972,R,25389.2,1,9999,9999,9999,1,28131800,9999,9999
7465 rue MALHERBE,9999,58007,Brossard,6812,0835 03 3836,120.08,15383,2,1965,R,9999,9999,9999,9999,9999,1,7297500,9999,9999
3400 rue BOISCLAIR,9999,58007,Brossard,6812,0836 81 3682,85.46,16475.9,2,1967,R,6186.2,1,9999,9999,9999,1,16816900,9999,9999
5770 rue ALINE,9999,58007,Brossard,6812,0837 40 1402,85.24,6767.7,2,1959,R,3781.3,9999,9999,9999,9999,1,2642700,9999,9999
6375 avenue BAFFIN,9999,58007,Brossard,6812,0935 09 9277,223.27,20235.8,2,1974,R,4688.6,1,9999,9999,9999,1,6386100,9999,9999
6205 GRANDE ALLÉE,9999,58007,Brossard,6812,0936 94 2246,74.74,8755.8,2,1999,R,2305.1,1,9999,9999,9999,1,4819200,9999,9999
4405 rue de CHÂTEAUNEUF,9999,58007,Brossard,6812,1035 20 2450,9999,19155.3,2,2016,R,10877.9,1,9999,9999,9999,1,24900600,9999,9999
378 rue PRINCIPALE,9999,32085,Villeroy,6812,9939 02 2431,58.52,5202.4,2,1968,R,757.2,1,9999,9999,9999,2,668100,9999,9999
1135 chemin ST GEORGES,9999,71015,Saint-Télesphore,6812,3217 79 6858,30.84,1372.4,1,1919,R,116.1,1,1,9999,9999,1,136000,9999,9999
1485 route 340,9999,71015,Saint-Télesphore,6812,3417 84 7297,116.54,9865.3,2,1960,R,965.1,1,9999,9999,9999,1,716300,9999,9999
1180 1184 route GERIN,9999,51045,Saint-Justin,6812,3623 45 7767,37.58,12101.8,1,1951,R,763,1,9999,9999,9999,1,915800,9999,9999
1 rue ST-JOSEPH,9999,96005,Baie-Trinité,6812,1975 18 5880,206.98,10845.8,2,1989,R,9999,9999,9999,9999,9999,1,1402100,9999,9999
423 chemin de l' EGLISE,9999,62047,Chertsey,6812,7403 59 3521,22.77,18662.6,3,1953,R,2676.2,1,9999,9999,9999,1,4485400,9999,9999
370 rue de l' ÉGLISE,9999,89008,Val-d'Or,6812,0532 78 0360,148.59,9070,2,1954,R,9999,2,9999,9999,9999,1,2451500,9999,9999
15 chemin de la BAIE-CARRIÈRE,9999,89008,Val-d'Or,6812,0629 55 8231,135.96,12959.4,1,1954,R,9999,1,9999,9999,9999,1,2791500,9999,9999
980 07E RUE,9999,89008,Val-d'Or,6812,0829 77 7416,120.18,20651.7,2,1963,R,9999,1,9999,9999,9999,1,4827500,9999,9999
94 rue ALLARD,9999,89008,Val-d'Or,6812,0929 81 6171,110.1,25096,2,1953,R,9999,9999,9999,9999,9999,1,5271000,9999,9999
183 185 rue PARENT,9999,89008,Val-d'Or,6812,0730 13 6741,20.44,8356.44,2,1975,R,9999,1,9999,9999,9999,1,3915000,9999,9999
971 05E RUE,9999,89008,Val-d'Or,6812,0829 29 8077,126.74,15893.7,2,1949,R,9999,1,9999,9999,9999,1,5405500,9999,9999
799 01E AVENUE,9999,89008,Val-d'Or,6813,0829 87 3389,53.28,2863,1,1972,R,9999,1,9999,9999,9999,1,364000,9999,9999
970 rue LÉVIS,9999,89008,Val-d'Or,6812,0830 10 9922,136.91,6782.1,2,1945,R,9999,1,9999,9999,9999,1,1689000,9999,9999
451 455 03E AVENUE,9999,89008,Val-d'Or,6812,0929 48 5507,118.93,13385.6,2,1940,R,9999,1,9999,9999,9999,2,5073000,9999,9999
1241 08E RUE,9999,89008,Val-d'Or,6813,0930 02 7043,49.01,9027.2,2,1949,R,9999,1,9999,9999,9999,1,4087000,9999,9999
500 06E AVENUE,9999,89008,Val-d'Or,6813,0930 44 4916,116.13,16632.1,2,1962,R,9999,1,9999,9999,9999,1,12467000,9999,9999
